{
    "Currency": "USD",
    "CurrencySymbol": "$",
    "B2": 100,
    "B3": 80.3,
    "B4": 20.8,
    "B5": 4.4,
    "B6": 5,
    "B9": 56395,
    "B10": 571411,
    "B11": 1512,
    "B13": 15.02,
    "B15": 58.7077938563087,
    "B16": 0.389262
}
