{
    "Currency": "BRL",
    "CurrencySymbol": "R$",
    "B2": 100,
    "B3": 70.59,
    "B4": 20.80,
    "B5": 4.63,
    "B6": 5.57,
    "B9": 1183,
    "B10": 5454.34,
    "B11": 1512,
    "B13": 15.02,
    "B15": 58.7077938563087,
    "B16": 0.389262
}